{"min_lat": 34.84643911834819, "max_lat": 43.10578500453642, "min_lon": -82.80264403442625, "max_lon": -72.17235152581448}